Ligue,Poule,Pseudo,Ancien Pseudo Discord,Pseudo Discord,Faction,Format,Nombre d'activation,Nombre de points,Lien Armée,Lien Armée 2,SoS,sumKP,sumPV,playerPlayed,victory,defeat,egality,nbMatchPlayed,points,pointsSeparation
Alderaan,C,Valefor,Valefor#8337,valeformortis,empire,Tempest Force,10,780,"https://legionhq.thefifthtrooper.com/list/empire/tf:1ar00,1ay0000,1ba00000,3baem0000,1bf0,2bfhz,1we,,,,,,,Oa,Oc,Ol,Of,Dd,De,Dk,Dc,Cb,Cd,Ch,Ca",,0.5,1405,6,"douggybag,enguerrandleconquerant,martin6197",3,0,0,3,9,9
Kessel,A,ElChacal,.elchacal.,.elchacal.,rebels,Standard,12,788,"https://legionhq.thefifthtrooper.com/list/rebels/1kfdggj0kh_0000,1ae0dhrodz,1lv0lu,4gvig0000,2if0,3aleg0000,,,,,,,Oc,Od,Of,Og,Da,Db,Dd,De,Ca,Cd,Cf,Cg",,0.0,747,9,"karoubo,caradan_,vasperead",3,0,0,3,9,9
Kessel,B,Zam,zam2031,zam2031,republic,Standard,9,789,"https://legionhq.thefifthtrooper.com/list/republic/1ueik00,1ns000,1gylgoc00,1gyix0da0,1fz0uf000,1fzkd00da0,1kzlf00000,1kylh00000,1qsquqxhz,,,,,,,Oc,Of,Ob,Om,Db,Dd,Dl,Dk,Ca,Cf,Cg,Cb",,1.5,1213,11,"sodarck,fringe",2,0,0,2,6,6
Kessel,B,Sodarck,sodarck,sodarck,republic,Standard,9,796,"https://legionhq.thefifthtrooper.com/list/republic/1ue000,1nadtndms0,1gy0000,1gyix000,1gyixuf00,2qzrgrj00,1kylh00000,1ic0dp,,,,,,,Ob,Oc,Om,Og,Dd,De,Dk,Da,Ca,Cg,Cf,Cd",,1.33,1460,10,"zam2031,fringe,nash_2715",2,1,0,3,6,6
Alderaan,B,neffyl,neffyl#6276,neffyl,rebels,Standard,10,798,"https://legionhq.thefifthtrooper.com/list/rebels/1binz0,1qycw0,1vdnddtpsne,2ahiujo00li,1ah0eu00,2qzrgrjro0,2aleg0000,,,,,,,Ob,Oc,Og,Of,Da,Dd,De,Dk,Ca,Cb,Cf,Cg",,0.75,310,14,"sultain4827,maroucho",2,0,0,2,6,6
Tatooine,C,ChadBane,bapjeri#1517,bapjeri,fringe,Shadow Collective,9,799,"https://legionhq.thefifthtrooper.com/list/fringe/sc:1qy00,1kxdhru0000,1qzrg0dc0,2qzrgrjdc0,1rbrnrldcdj,2sq0,1smowpaoyouhz,,,,,,,Oa,Ob,Oc,Ol,Da,Dc,Dl,Dm,Cb,Cc,Ch,Ca",,0.0,1600,15,"Khamal#5554,david27930#0697",2,0,0,2,6,6
Alderaan,A,Weezard,weedartwork#4342,weedartwork,rebels,Standard,11,797,"https://legionhq.thefifthtrooper.com/list/rebels/1bi00,1tl0ne0uh,1vddtpqne0,3gvig0000,3if0,2aleg0000,,,,,,,Ob,Od,Oc,Om,Dk,Dd,De,Da,Ca,Cf,Cg,Cd",,0.0,408,6,"ju_starwars,uerki.",2,0,0,2,6,6
Coruscant,D,Raphanduril,Raphanduril#3524,raphanduril,rebels,Standard,10,798,"https://legionhq.thefifthtrooper.com/list/rebels/1binzmr,1vddtdudfps,1afpt00,1gvig0li00,1gvigeuli00,2if0,2akeg0000,1aleg0000,,,,,,,Ob,Of,Oc,Od,Dd,De,Dk,Da,Cf,Cg,Cb,Ca",,0.5,622,4,"capitainebanane,_kintara",1,0,1,2,4,4
Coruscant,A,Olan,olan#0739,olan1,empire,Standard,8,799,"https://legionhq.thefifthtrooper.com/list/empire/2tmupuo0us,1uiikcw00uj,1hgfu0000,1ft0,2bbem0000,1az0000,,,,,,,Od,Og,Oc,Ob,Db,Dl,Da,De,Ce,Cg,Ch,Cc",,2.0,624,7,"julien8773,aryhas,chub__",1,2,0,3,3,3
Kessel,B,Guaryn,flo_gobs,fringe,flo_gobs,Shadow Collective,11,799,"https://legionhq.thefifthtrooper.com/list/fringe/sc:1qynzmr,1qycwmr,3qzrg0da0,1rbrmrldadj,1rbrmrl0dj,3sq0,1smso0000,,,,,,,Oa,Of,Od,Ol,Dc,De,Dl,Da,Cb,Ce,Cf,Ch",,1.67,898,10,"nash_2715,sodarck,zam2031",1,2,0,3,3,3
Tatooine,B,Ealthril,ealthril#9436,ealthril,rebels,Standard,10,795,"https://legionhq.thefifthtrooper.com/list/rebels/1kf0jbdakh_0000,1lv0lu,1apfkfg0,1ap0fg0,2ah0000,2ah0et00,1mlmpmo000mm0,1mk0000mm0,,,,,,,Oa,Ob,Om,Oc,Db,Dd,Dk,De,Ca,Cc,Cd,Cf",,1.5,1086,5,"journeyman8881,arcn7",1,1,0,2,3,3
Alderaan,C,Engue,Enguerrand le conquérant #7482,enguerrandleconquerant,empire,Standard,10,800,"https://legionhq.thefifthtrooper.com/list/empire/1nmcw00np,1arrfhy,1awdg00dadb,1tidg00,1hgfufa0dc0,1hgfuez0dc0,2ft0,2bbem0000,,,,,,,Ob,Od,Om,Oc,Da,Dd,De,Dc,Cf,Cg,Ca,Cd",,1.5,740,10,"valeformortis,douggybag",1,1,0,2,3,3
Alderaan,B,Merou,Minuee#7200,maroucho,empire,Standard,9,789,"https://legionhq.thefifthtrooper.com/list/empire/1arcw0,1ar0hy,5ayja0dc0,1onorkt0,1fndtdypsne,,,,,,,Om,Og,Ob,Od,Da,Db,Dl,Dc,Cd,Ca,Cb,Cg",,1.5,700,8,"sultain4827,neffyl",1,1,0,2,3,3
Coruscant,B,Nostrus,Nostrus#1537,nostrus1537,separatists,Standard,9,798,"https://legionhq.thefifthtrooper.com/list/separatists/1nrcw00,1utdtpqpsne,1axdg0dc,1gx0000,2gx0of00,2pxqd0000,1pxqc0000,,,,,,,Od,Og,Ob,Of,Da,Dm,Db,De,Ca,Cb,Cf,Cg",,1.5,700,4,razperfidou,1,0,0,1,3,3
Coruscant,B,Raz,Raz#7587,razperfidou,separatists,Standard,9,789,"https://legionhq.thefifthtrooper.com/list/separatists/1nr000,1nbdtdumsdf,1nk0,1gx0000,5gakpmq0,,,,,,,Ob,Od,Of,Om,De,Dl,Da,Db,Cd,Cf,Cg,Ca",,1.5,544,6,"totolasticot,nostrus1537",1,1,0,2,3,3
Tatooine,B,eljourneyman,journeyman8881,journeyman8881,rebels,Standard,9,785,"https://legionhq.thefifthtrooper.com/list/rebels/1accwru0,1afpt00,1vdpqdtpsne,2he00,1sq0,2ah0000,1ah0eu00,,,,,,,Og,Ol,Om,Ob,Da,Dc,Dl,Dm,Cc,Ch,Ce,Cd",,1.5,224,3,ealthril,1,0,0,1,3,3
Coruscant,A,Aryhas,Aryhas#8749,aryhas,republic,Standard,8,800,"https://legionhq.thefifthtrooper.com/list/republic/1nadtdvnedi,1olpqdtnd0,1gy0uf00,2gyix000,2kylf00000,1kylh00000,,,,,,,Od,Og,Of,Ob,Da,De,Dm,Dk,Cg,Cf,Ch,Ca",,1.0,799,7,olan1,1,0,0,1,3,3
Coruscant,A,Chub,Chub#6323,chub__,empire,Standard,10,799,"https://legionhq.thefifthtrooper.com/list/empire/1arrfhy,1aw0dg0uh0,1ti000,2bbem0000,3hgfuez000,2ft0,,,,,,,Ob,Oc,Od,Of,Dd,De,Dk,Da,Ca,Cf,Cg,Cb",,1.0,707,2,olan1,1,0,0,1,3,3
Tatooine,A,Kaiko,Kaiko#6739,_kaiko_,empire,Standard,9,799,"https://legionhq.thefifthtrooper.com/list/empire/1kg000ki_0000,1ar0hy,1fndvdtli0,1az0000,2ayek000,1mymfme00000,2bcel0000,,,,,,,Ob,Of,Og,Oc,Da,Dd,De,Dk,Cb,Cf,Ch,Cg",,0.0,795,3,pask7707,1,0,0,1,3,3
Alderaan,B,Unholy,Unholy#8428,unholy68,separatists,Separatist Invasion,10,786,"https://legionhq.thefifthtrooper.com/list/separatists/si:1nrikdphy,1gckvknkuhz,2gxhrof00,1gxiwof00,2gxiwhn00,3gxhohn00,,,,,,,Ob,Oc,Om,Of,Da,Dd,De,Dk,Cb,Cf,Cg,Cd",,0.0,562,2,sultain4827,1,0,0,1,3,3
Tatooine,A,Elitank,elitank,ellitank,separatists,Standard,11,791,"https://legionhq.thefifthtrooper.com/list/separatists/1nr000,5gx0000,1kxdhlidp0ll0,1utdsdtpsdf,2mchz,1mcdm,,,,,,,Ob,Od,Of,Oa,Db,Dc,De,Dm,Cg,Cc,Cb,Ch",,0.0,364,3,pask7707,1,0,0,1,3,3
Alderaan,D,Carey,Carey#9916,eric_carey,empire,Tempest Force,7,778,"https://legionhq.thefifthtrooper.com/list/empire/tf:1we,2bggofjfh0hz,3ba0dh00le,1ay0fa00,,,,,,,Ol,Oc,Om,Of,Dl,De,Dk,Dd,Ca,Cb,Cf,Ch",,0.0,358,2,ximatique,1,0,0,1,3,3
Kessel,C,Beliandir,beliandir,beliandir,republic,Standard,9,782,"https://legionhq.thefifthtrooper.com/list/republic/1ue00dc,1ns000,1kw000lm,2gyhqocda0,1gyix0da0,1fzlgoc0da0,1mbfe0,1mbfedp,,,,,,,Ob,Od,Of,Og,Da,Dl,Dd,De,Ca,Cd,Cg,Cf",,0.0,313,3,saayanel,1,0,0,1,3,3
Tatooine,C,Inossatam,inossatam,inossatam,republic,501ST Legion,9,789,"https://legionhq.thefifthtrooper.com/list/republic/5l:1fyik0dalk0,1ns000,1fzlg0000,2fzkooc0da0,1fzkd0000,1kzlf00da00,1kylh00000,1mbfe0,,,,,,,Ob,Og,Of,Om,Db,Dl,Da,De,Cg,Ch,Cf,Ca",,0.0,152,4,david27930#0697,1,0,0,1,3,3
Coruscant,D,Kintara,Kintara#1516,_kintara,separatists,Standard,8,784,"https://legionhq.thefifthtrooper.com/list/separatists/1qanz0000,4gakpmq0,2rbrmrldadj,1pxqd0000,,,,,,,Oa,Ob,Og,Om,Da,De,Dl,Dm,Cc,Ce,Cf,Cg",,2.0,789,2,raphanduril,0,0,1,1,1,1
Tatooine,C,David27,david27930#0697,david27930#0697,separatists,Separatist Invasion,9,800,"https://legionhq.thefifthtrooper.com/list/separatists/si:1iacy0ruil,2gciqknku0,4gx0000,1gx00jk0,1gx00dm0,,,,,,,Ob,Oc,Of,Om,Dl,Dk,Dd,Db,Ca,Cd,Cf,Cc",,3.0,585,3,"inossatam,bapjeri",0,2,0,2,0,0
Alderaan,A,Uerki,Uerki#6588,uerki.,republic,Standard,8,800,"https://legionhq.thefifthtrooper.com/list/republic/1nanddvmsru,1ns000,2gyixoc00,1gy0uf00,1kzlhli0000,2kzlfli0000,,,,,,,Of,Od,Oc,Ob,Da,De,Dl,Dm,Cb,Cf,Cg,Ch",,3.0,526,2,weedartwork,0,1,0,1,0,0
Kessel,C,Sayanel,saayanel,saayanel,rebels,Standard,9,790,"https://legionhq.thefifthtrooper.com/list/rebels/1addtdwda,1kf000kh_0000,1lv0lu,1ah0eu00,2ah0000,1mlmpmojb00mm0,2mkmnjb00mm0,,,,,,,Oa,Od,Ol,Of,Dl,Dc,Da,Dm,Cc,Cg,Ch,Cb",,3.0,415,2,beliandir,0,1,0,1,0,0
Tatooine,A,Umibozu,Pask#7707,pask7707,separatists,Standard,8,795,"https://legionhq.thefifthtrooper.com/list/separatists/1pycx000,1utdtpqdg0,1gxhr000,4gakpmq0,1qkqnqqhz,,,,,,,Oa,Og,Om,Od,Dk,Dl,Dm,De,Cf,Cg,Ch,Cb",,3.0,409,0,"ellitank,_kaiko_",0,2,0,2,0,0
Tatooine,C,Khamal,Khamal#5554,Khamal#5554,republic,Standard,9,800,"https://legionhq.thefifthtrooper.com/list/republic/1nadtdvrudi,1ns000,2fzkdoc000,2ic00,1kzlf000dc0,1gyix0da0,1kylh00000,,,,,,,Od,Og,Ol,Of,Dd,De,Dk,Dc,Ca,Cf,Cg,Ch",,3.0,334,0,bapjeri,0,1,0,1,0,0
Alderaan,C,Nosho7,martin#6197,martin6197,rebels,Standard,10,785,"https://legionhq.thefifthtrooper.com/list/rebels/1gv0et0da0,1gvig00da0,1gviget0da0,3if0,2he00,1apovfg0,1apfkfg0,,,,,,,Oa,Oc,Ol,Om,Dc,Dl,Db,Da,Cf,Ce,Cb,Cg",,3.0,193,0,valeformortis,0,1,0,1,0,0
Kessel,A,Vasperead,Vasperead (Julien)#3647,vasperead,rebels,Standard,9,799,"https://legionhq.thefifthtrooper.com/list/rebels/1kfdh00kh_0000,1vddtdupsms,1agliih00,2gvig0000,2if0,1ah0eu00,1mlmpmoli0000,,,,,,,Od,Og,Ol,Oc,Da,Dd,De,Dm,Ca,Cg,Ce,Cf",,3.0,186,2,.elchacal.,0,1,0,1,0,0
Alderaan,D,Maxx,Ximatique#8020,ximatique,separatists,Standard,9,790,"https://legionhq.thefifthtrooper.com/list/separatists/1nrcw00,1utdtpqpsjb,1kxlidhdp0ll0,2gakpmq0,2gx0000,1gx0og00,1pxqd0000,,,,,,,Oa,Od,Of,Og,Db,De,Dl,Dm,Cc,Cf,Cg,Ca",,3.0,159,2,eric_carey,0,1,0,1,0,0
Alderaan,A,Ju_STW,Ju STW #9349,ju_starwars,rebels,Standard,10,782,"https://legionhq.thefifthtrooper.com/list/rebels/1accwruro,1tl00uhro,3ah0et00,3aofe0,1aqovgrozhaot,1aqovgrozha0,,,,,,,Oa,Oc,Ol,Om,Dc,Dk,Dl,De,Cc,Ce,Cf,Cg",,3.0,112,0,weedartwork,0,1,0,1,0,0
Kessel,A,Karoubo,karoubo,karoubo,republic,Standard,9,796,"https://legionhq.thefifthtrooper.com/list/republic/1mbfchz,1mbfedp,2gyhp000,1gylg000,2fzkdoc000,1nsnz00,1ueik00,,,,,,,Of,Oc,Og,Ob,Dd,De,Da,Dk,Ca,Cd,Cf,Cg",,3.0,0,4,.elchacal.,0,1,0,1,0,0
Kessel,A,Caradan,caradan_,caradan_,separatists,Standard,10,795,"https://legionhq.thefifthtrooper.com/list/separatists/1nr000,1kxdhlidp0ll0,2gakpmq0,2gxhr000,2gxiw000,1pxqd0000,1pxqc0000,,,,,,,Ob,Oc,Od,Og,Da,De,Dk,Db,Cg,Cf,Ca,Cc",,3.0,0,1,.elchacal.,0,1,0,1,0,0
Alderaan,B,Sultain,🇫🇷 Sultain #4827,sultain4827,empire,Standard,9,791,"https://legionhq.thefifthtrooper.com/list/empire/1aucwrf0,1awdgruqj0uh,1tidg00,1azmf000,2bf0,1bfsf,2ayjajqdc00,,,,,,,Oa,Of,Ol,Om,Dc,Dd,Dk,Dm,Cb,Cd,Cf,Cc",,2.5,605,4,"unholy68,maroucho,neffyl",0,3,0,3,0,0
Alderaan,C,DouggyBag,Douggy Bag #3282,douggybag,rebels,Standard,10,794,"https://legionhq.thefifthtrooper.com/list/rebels/1kfdh00kh_0000,1bicw0,1tl000uh,1lv0lu,2ah0eu00,1ah0000,3mkmn000mm0,,,,,,,Oa,Ol,Od,Of,Da,De,Dk,Db,Ca,Cf,Cg,Cb",,2.25,499,7,"valeformortis,enguerrandleconquerant",0,2,0,2,0,0
Coruscant,D,capitainebanane,Capitaine Banane #5162,capitainebanane,empire,Tempest Force,9,782,"https://legionhq.thefifthtrooper.com/list/empire/tf:1we,1bggofjfh0hz,1arcw0,1ay0fa00,3ba00sf00,2bf0,,,,,,,Om,Of,Oc,Od,Dk,Dl,Dd,De,Ca,Cb,Cg,Ch",,2.0,462,4,raphanduril,0,1,0,1,0,0
Coruscant,B,Totolasticot,TotoLAsticot#9837,totolasticot,republic,Standard,10,800,"https://legionhq.thefifthtrooper.com/list/republic/1ueik00,1nscw00,1kw0ne0lm,1jh0,1gyix0da0,1gyix000,1gylg0da0,1mbfedp,2qhqisf,,,,,,,Oa,Oc,Ol,Om,Da,Db,Dc,De,Cb,Cf,Ch,Cg",,1.5,283,1,razperfidou,0,1,0,1,0,0
Kessel,B,Nash,nash_2715,nash_2715,rebels,Standard,8,797,"https://legionhq.thefifthtrooper.com/list/rebels/1vddthxms0,1apfkfg0,1ab000,2aieievdc0,1aieietdc0,1om0oyoxou0,1aofe0,,,,,,,Ob,Oc,Of,Od,Dc,De,Dk,Dm,Cb,Cc,Cf,Cg",,1.5,255,3,"fringe,sodarck",0,2,0,2,0,0
Tatooine,B,ARC-N7,ARC N7 #0314,arcn7,rebels,Standard,8,798,"https://legionhq.thefifthtrooper.com/list/rebels/1vddudtdfli,1agrugkiheb,1ah0000,1gv00000,1mlmpmo000mm0,1if0,1omiioxpa00,1omoqoxpa00,,,,,,,Od,Of,Og,Om,Db,Dk,Dc,Dd,Cc,Ca,Cd,Ch",,1.5,178,0,ealthril,0,1,0,1,0,0
Coruscant,A,brankignole,julien#8773,julien8773,rebels,Standard,10,799,"https://legionhq.thefifthtrooper.com/list/rebels/1kfdh0dekh_00da0,1vddtpqpsdf,1lvsflu,2gvig0000,1if0,2aleg0000,2ansfdr,,,,,,,Ob,Oc,Od,Of,Da,Dd,De,Dk,Ca,Ce,Cf,Cg",,1.0,471,1,olan1,0,1,0,1,0,0
Tatooine,B,Murmure,Murmure#0173,_murmure_,fringe,Shadow Collective,7,789,"https://legionhq.thefifthtrooper.com/list/fringe/sc:1ax00dc,1kxliru00ll0,1rcdydt0ms0,2rbrmrl0dj,1smso0000,1sm0pa000,,,,,,,Od,Of,Og,Om,Db,Dc,Dk,Dl,Cc,Cd,Ch,Cb",,0.0,0,0,,0,0,0,0,0,0
Kessel,C,Breuerois,breuerois,breuerois,rebels,Standard,10,798,"https://legionhq.thefifthtrooper.com/list/rebels/1accwruro,1afdflida,2ajeedfjbda0,2aofe0,4ah0jode0li,,,,,,,Oc,Of,Ob,Og,De,Dk,Db,Dd,Cf,Cg,Cc,Ca",,0.0,0,0,,0,0,0,0,0,0
Kessel,C,draque,draque,draque,separatists,Standard,9,777,"https://legionhq.thefifthtrooper.com/list/separatists/1fxdtduhxcw,1kxdhlidp0ll0,1px00000,2gx0000,1gx00dm0,1mcdm,2mchz,,,,,,,Ol,Od,Om,Og,Dc,Da,Dl,Dm,Cc,Ch,Cf,Cg",,0.0,0,0,,0,0,0,0,0,0
Tatooine,D,Loumice,Sebastien#8947,sebastien8947,separatists,Standard,9,798,"https://legionhq.thefifthtrooper.com/list/separatists/1qa0000hy,2gxiw000,1gxiwof00,1gx0of00,1lbld0000,1lbld0dp00,1gc000hz,1gc0000,,,,,,,Oc,Om,Ob,Oa,Db,Dd,De,Dm,Ca,Cf,Cb,Ch",,0.0,0,0,,0,0,0,0,0,0
Tatooine,D,SunHunter,Vlad#4309,vlad_official,separatists,Standard,9,790,"https://legionhq.thefifthtrooper.com/list/separatists/1nr000,1kxdhlidp0llib,1nbdvdtrups,1gx0of00,1gx0og00,1gakeio0,1nk0,1pxqcpsli00,1pxqcps000,,,,,,,Od,Og,Of,Om,Dc,Da,Dl,Dm,Cc,Ch,Cg,Cd",,0.0,0,0,,0,0,0,0,0,0
Tatooine,D,Romainswl,Romainswl#1082,Romainswl#1082,separatists,Standard,10,798,"https://legionhq.thefifthtrooper.com/list/separatists/1utpqdt0ps,1kxdhlidp0ll0,1nrcw00,1pxqd0ps00,2gx0og00,4gxiw000,,,,,,,Ob,Od,Om,Og,Dl,Dk,De,Dd,Cc,Cb,Cg,Cf",,0.0,0,0,,0,0,0,0,0,0
Tatooine,D,LeSultan,sultan93_,sultan93_,empire,Standard,10,800,"https://legionhq.thefifthtrooper.com/list/empire/1ui0ik00uj,2hgfuew000,2ft0,1az0ez00,2bbem0000,1bc0pt000,1tm0uo0us,,,,,,,Oc,Of,Ob,Om,Da,De,Dk,Dd,Ca,Cf,Cg,Cb",,0.0,0,0,,0,0,0,0,0,0
Alderaan,D,Frandell,Frandell (François D.) 🇫🇷 #4632,frandellfrancoisd.,empire,Tempest Force,9,792,"https://legionhq.thefifthtrooper.com/list/empire/tf:1we,1bggofh00hz,3bf0,1ba00sf00,1ba0dhsf00,2ay0fa00,,,,,,,Oa,Ol,Om,Oc,Dd,Dk,Dc,De,Cd,Ch,Ca,Ce",,0.0,0,0,,0,0,0,0,0,0
Coruscant,D,VuaRapuung,vuarapuung 🇫🇷 #3957,vuarapuung,empire,Standard,9,800,"https://legionhq.thefifthtrooper.com/list/empire/1asdxpqdtcw,1kgli00ki_gj00lx,1tk00dptqtrto,1az0000,2ay0000,1mymfme0li000,2bbem0000,,,,,,,Od,Og,Ob,Oc,Da,Dl,De,Dd,Ca,Cg,Cb,Ch",,0.0,0,0,,0,0,0,0,0,0
Coruscant,B,bouffy,Bouffy#6218,bouffy,separatists,Standard,9,775,"https://legionhq.thefifthtrooper.com/list/separatists/1nrcz00,1fxpqdtduik,1utpqdtpsdf,3gxiw000,2gx0og00,1gx0000,,,,,,,Om,Og,Ob,Od,Da,De,Dl,Dm,Cc,Cg,Cb,Ch",,0.0,0,0,,0,0,0,0,0,0
Coruscant,C,Safsouf,Safsouf#6951,Safsouf#6951,empire,Standard,10,797,"https://legionhq.thefifthtrooper.com/list/empire/1nmrf00np,1awnedg0uhda,1kxdhlidp0ll0,1hgfuez000,1hgfuew000,2ft0,3bbem0000,,,,,,,Ob,Oc,Od,Of,Da,Dd,Dk,De,Ca,Cf,Cg,Cd",,0.0,0,0,,0,0,0,0,0,0
Coruscant,C,Daedry,daedry#6021,.daedry,fringe,Shadow Collective,8,782,"https://legionhq.thefifthtrooper.com/list/fringe/sc:1rcdtdy0dfrq,4rbrmrlda0,1rbrm000,1sm00ox00,1rbrm00dj,,,,,,,Oa,Ob,Ol,Og,Dl,Da,Dm,De,Cc,Ce,Cf,Cg",,0.0,0,0,,0,0,0,0,0,0
Coruscant,C,Tig-tar,Tig’tar#0303,tigtar,rebels,Standard,12,800,"https://legionhq.thefifthtrooper.com/list/rebels/1acrfru0,1vedflivp,3ah0et00,1aqovgrozhaot,1aqovgrozha0,3aofe0,2vu000,,,,,,,Oa,Ol,Om,Oc,Dc,Dl,Dm,Dk,Cc,Cg,Ce,Cf",,0.0,0,0,,0,0,0,0,0,0
Coruscant,C,Allumette,allumette#2683,allumette,republic,Standard,8,792,"https://legionhq.thefifthtrooper.com/list/republic/1gwdtpqnzdf,1nadtdvpsne,1jhdp,3gy0oc00,2gyiv000,,,,,,,Og,Om,Od,Ol,De,Dl,Dm,Db,Cc,Cg,Cf,Ca",,0.0,0,0,,0,0,0,0,0,0
Alderaan,A,Mamatt76,Mamatt76#5072,mamatt76,separatists,Standard,8,776,"https://legionhq.thefifthtrooper.com/list/separatists/1iaikcyruil,2pxqdjbdfdm0,1gxjwogdm0,4gxjwof00,,,,,,,Oa,Om,Oc,Ob,De,Dk,Dl,Da,Cc,Cf,Cg,Ca",,0.0,0,0,,0,0,0,0,0,0
Alderaan,D,Con_sans_gains,Con_sans_gains#5870,con_sans_gains,republic,Standard,8,800,"https://legionhq.thefifthtrooper.com/list/republic/1olpqdtnd0,1nadtdvnedf,2gyix000,1gy0uf00,1kylh00000,2ic00,,,,,,,Og,Ol,Om,Of,Db,Dl,Dm,Dc,Cc,Cf,Ca,Cb",,0.0,0,0,,0,0,0,0,0,0
Tatooine,A,Moonglum,Moonglum#7998,moonglum77,separatists,Standard,10,794,"https://legionhq.thefifthtrooper.com/list/separatists/2pxqd00do0,3gx0000,1gx00do0,1nr000,1fxdunddt0,2qkqlqr0,,,,,,,Ob,Oc,Od,Og,Db,Dd,De,Dk,Cb,Cc,Ch,Cf",,0.0,0,0,,0,0,0,0,0,0
